term,synonym,id,remark
abscising,"abscission",4,NULL
acaulescent,"acaulous",7,NULL
acute,"acuminate",34,NULL
acute,"acute-acuminate",34,NULL
acute,"acutish",34,NULL
adult,"adulthood",43,NULL
aged,"aging",53,NULL
alternate,"alternating",70,NULL
amphicarpic,"amphicarpous",75,NULL
amphistomatic,"amphistomatous",77,NULL
amphistomatic,"amphistomic",77,NULL
amplexicaul,"amplexicaulous",79,NULL
ampulla,"ampullae",81,NULL
androecia,"androecium",89,NULL
angled,"angular",99,NULL
angled,"angulate",99,NULL
annuli,"annulus",111,NULL
anthela,"anthelae",113,NULL
antheridia,"antheridium",117,NULL
apicula,"apices",130,NULL
arachnoid,"arachnose",147,NULL
archegonia,"archegonium",152,NULL
areola,"areolae",158,NULL
areola,"areole",158,NULL
aril,"arilli",160,NULL
aril,"arillus",160,NULL
arista,"aristae",164,NULL
articulate,"articulated",172,NULL
asymmetric,"asymmetrical",186,NULL
asymmetric,"asymmetrical",187,NULL
attenuate,"attentuate",190,NULL
auriculate,"auriform",192,NULL
awned,"awnlike",199,NULL
axis,"axes",205,NULL
bald,"balding",208,NULL
barbella,"barbellae",216,NULL
barbella,"barbellula",216,NULL
barbella,"barbellulae",216,NULL
barbella,"barbellule",216,NULL
barbellate,"barbellulate",217,NULL
basal,"basalmost",221,NULL
beaded,"beadlike",230,NULL
beaked,"beaklike",232,NULL
bend,"bending",240,NULL
berrylike,"berry-like",243,NULL
bicolor,"bicolorous",246,NULL
black,"blackening",266,NULL
black,"blackish",266,NULL
blotched,"blotches",277,NULL
blue,"bluish",278,NULL
blush,"blushed",280,NULL
bracteate,"bracted",293,NULL
bracteate,"bracteolate",293,NULL
branched,"branching",301,NULL
brick,"brick-red",304,NULL
bright,"brighter",308,NULL
bright,"brightest",308,NULL
bristled,"bristle-shaped",314,NULL
broad,"broadened",318,NULL
broad,"broader",318,NULL
broad,"broadest",318,NULL
broomlike,"broom-shaped",321,NULL
brown,"brownish",323,NULL
brushlike,"brushy",324,NULL
brushlike,"brushy",325,NULL
bulb,"bulbel",333,NULL
bulb,"bulbil",333,NULL
bulbiferous,"bulbiliferous",335,NULL
bulbiferous,"bulbose",335,NULL
bulbiferous,"bulbous",335,NULL
bulla,"bullae",337,NULL
bushlike,"bushy",351,NULL
callous,"calloused",361,NULL
calyx,"calyces",369,NULL
calyculus,"calyculi",365,NULL
calyptra,"calyptrae",366,NULL
capillary,"capillate",384,NULL
capilli,"capillus",385,NULL
capitate,"capitiform",387,NULL
capitula,"capitulum",388,NULL
carina,"carinae",393,NULL
carinate,"cariniform",395,NULL
carpellate,"carpelled",400,NULL
cartilage-like,"cartilaginous",404,NULL
cartilage-like,"cartilaginous",405,NULL
caryopsis,"caryopsides",408,NULL
caudex,"caudices",415,NULL
celled,"cellular",421,NULL
chalaza,"chalazae",435,NULL
chalaza,"chalazas",435,NULL
cilia,"cilium",452,NULL
cincinnus,"cincinni",457,NULL
clawed,"clawlike",474,NULL
clinandrium,"clinandria",482,NULL
close,"closer",483,NULL
clublike,"club-shaped",486,NULL
cluster,"clustered",487,NULL
cluster,"clumped",487,NULL
coarse,"coarser",490,NULL
cocci,"coccus",493,NULL
colored,"colorful",507,NULL
colored,"colors",507,NULL
colpi,"colpus",510,NULL
columella,"columellae",512,NULL
columella,"columellas",512,NULL
columnar,"columnlike",515,NULL
coma,"comae",517,NULL
coma,"comas",517,NULL
concolor,"concolorous",536,NULL
cone-shaped,"conic",542,NULL
cone-shaped,"conical",542,NULL
cone-shaped,"conoidal",542,NULL
contracted,"contracting",561,NULL
cordate,"cordiform",569,NULL
cormlike,"cormose",578,NULL
cornicula,"corniculum",583,NULL
corniculate,"corniform",584,NULL
corolla,"corollae",585,NULL
corolla,"corollas",585,NULL
corona,"coronae",588,NULL
corona,"coronas",588,NULL
coronate,"coroniform",590,NULL
corymbiform,"corymb-like",595,NULL
corymbiform,"corymbose",595,NULL
costa,"costae",596,NULL
cream,"creamy",609,NULL
crena,"crenae",611,NULL
crenate,"crenulate",612,NULL
crescent,"crescent-shaped",614,NULL
crested,"crestlike",616,NULL
crinkled,"crinkly",619,NULL
crispate,"crisped",621,NULL
crista,"cristae",622,NULL
cucullate,"cuculliform",642,NULL
cuculli,"cucullus",644,NULL
cuplike,"cup-shaped",648,NULL
cuplike,"cupulate",648,NULL
curved,"curving",651,NULL
curved,"curving",652,NULL
curled,"curly",650,NULL
cushionlike,"cushion-shaped",653,NULL
cyan,"cyanic",657,NULL
cylinders,"cylindric",664,NULL
cylinders,"cylindrical",664,NULL
cylinders,"cylindro",664,NULL
cylinders,"cylindroid",664,NULL
cymose,"cymiform",667,NULL
cymose,"cyme-like",667,NULL
cymose,"cymulose",667,NULL
cypsela,"cypselae",669,NULL
dark,"darkened",672,NULL
dark,"darkening",672,NULL
dark,"darker",672,NULL
dark,"darkest",672,NULL
darker-pink,"dark-pink",673,NULL
declined,"declinate",677,NULL
declined,"decurved",677,NULL
dehiscent,"dehiscing",689,NULL
deltate,"deltoid",693,NULL
dense,"densest",696,NULL
dentate,"denticulate",697,NULL
descend,"descending",702,NULL
developed,"developing",707,NULL
diameter,"diameters",715,NULL
dichasium,"dichasia",721,NULL
diclesium,"diclesia",726,NULL
dilate,"dilated",738,NULL
diminished,"diminishing",741,NULL
diplotegium,"diplotegia",748,NULL
disciform,"discoid",757,NULL
discolor,"discolorous",760,NULL
distal,"distalmost",768,NULL
dolabrate,"dolabriform",783,NULL
domelike,"dome-shaped",784,NULL
dorsiventral,"dorsoventral",787,NULL
dots,"dotted",790,NULL
dried,"drying",798,NULL
dull,"duller",805,NULL
dull,"dullish",805,NULL
ebracteate,"ebracteolate",819,NULL
ellipsoid,"ellipsoidal",830,NULL
ellipsoid,"elliptic",830,NULL
ellipsoid,"elliptical",830,NULL
elongated,"elongating",834,NULL
embryotega,"embryotegae",839,NULL
embryotega,"embryotegas",839,NULL
enlarged,"enlarging",848,NULL
epaleate,"epaleaete",855,NULL
epicalyx,"epicalyces",859,NULL
epidermis,"epidermides",864,NULL
epidermis,"epidermises",864,NULL
epigeal,"epigeous",865,NULL
epistomatic,"epistomatous",874,NULL
excavate,"excavated",897,NULL
expanded,"expanding",903,NULL
exsert,"exserted",906,NULL
exstipulate,"exstipitate",908,NULL
farina,"farinae",926,NULL
farina,"farinas",926,NULL
farinaceous,"farinose",927,NULL
fasciate,"fasciated",928,NULL
fascicled,"fasciculate",930,NULL
fascicled,"fasciculate",931,NULL
fascicle,"fascicles",929,NULL
featherlike,"feather-shaped",934,NULL
felted,"feltlike",936,NULL
felted,"felty",936,NULL
few,"fewer",943,NULL
female,"feminine",937,NULL
fimbria,"fimbriae",954,NULL
fimbriate,"fimbrillate",955,NULL
flabellate,"flabelliform",966,NULL
flagella,"flagellum",969,NULL
flared,"flaring",975,NULL
flat,"flattened",977,NULL
flat,"flatter",977,NULL
flat,"flatter",978,NULL
flexuose,"flexuous",987,NULL
floriferous,"flower-bearing",997,NULL
floriferous,"flowered",997,NULL
foliate,"foliolate",1006,NULL
foliate,"foliose",1006,NULL
folliceta,"follicetum",1007,NULL
fossula,"fossulae",1010,NULL
fovea,"foveae",1012,NULL
foveate,"foveolate",1013,NULL
frutex,"frutices",1029,NULL
funicle,"funiculi",1034,NULL
funicle,"funiculus",1034,NULL
funnelform,"funnel-shaped",1037,NULL
galea,"galeae",1045,NULL
galea,"galeas",1045,NULL
galeate,"galeiform",1046,NULL
gemma,"gemmae",1057,NULL
giant,"gigantic",1064,NULL
glabrate,"glabrescent",1066,NULL
glabrate,"glabrous",1066,NULL
glans,"glandes",1071,NULL
glaucescent,"glaucous",1073,NULL
glistening,"glittering",1074,NULL
globose,"globular",1075,NULL
glochid,"glochidia",1076,NULL
glochid,"glochidium",1076,NULL
glomerate,"glomerulate",1079,NULL
gold,"golden",1084,NULL
gongylodate,"gongyloid",1086,NULL
gonal,"gonous",1085,NULL
granular,"granulate",1088,NULL
granular,"granulose",1088,NULL
gray,"graying",1091,NULL
gray,"grayish",1091,NULL
green,"greener",1093,NULL
green,"greenish",1093,NULL
gynandria,"gynandrium",1101,NULL
gynaecium,"gynoecia",1100,NULL
gynaecium,"gynoecium",1100,NULL
gynostegia,"gynostegium",1109,NULL
gynostemia,"gynostemium",1110,NULL
hairlike,"hair-like",1116,NULL
hard,"hardened",1128,NULL
hard,"harder",1128,NULL
hastula,"hastulae",1132,NULL
hastula,"hastulas",1132,NULL
haustoria,"haustorium",1133,NULL
headed,"headlike",1135,NULL
headed,"headlike",1136,NULL
headed,"head-shaped",1136,NULL
hemispheric,"hemispherical",1152,NULL
hesperidia,"hesperidium",1158,NULL
hila,"hilum",1174,NULL
hirsute,"hirsutellous",1177,NULL
hirsute,"hirsutulous",1177,NULL
hirsute,"hirtellous",1177,NULL
hirsute,"hispid",1177,NULL
hirsute,"hispidulous",1177,NULL
honeycomb,"honeycombed",1187,NULL
hooked,"hook-shaped",1192,NULL
horned,"hornlike",1197,NULL
horned,"horn-shaped",1197,NULL
hypanthia,"hypanthium",1212,NULL
hypogeal,"hypogeous",1217,NULL
hypogynia,"hypogynium",1218,NULL
hypostomatic,"hypostomatous",1221,NULL
hypostomatic,"hypostomic",1221,NULL
imbricate,"imbricated",1225,NULL
inclinate,"inclined",1234,NULL
indehiscence,"indehiscent",1241,NULL
indistinct,"indistinguishable",1245,NULL
indument,"indumenta",1246,NULL
indument,"indumentum",1246,NULL
indurate,"indurated",1248,NULL
indusia,"indusium",1249,NULL
inner,"innermost",1263,NULL
keeled,"keel-shaped",1314,NULL
knobbed,"knobby",1321,NULL
knobbed,"knoblike",1321,NULL
knobbed,"knob-shaped",1321,NULL
knot-shaped,"knotted",1322,NULL
knot-shaped,"knotty",1322,NULL
labella,"labellum",1323,NULL
labia,"labium",1324,NULL
lacrimate,"lacrimiform",1329,NULL
lacuna,"lacunae",1330,NULL
laesura,"laesurae",1333,NULL
lamella,"lamellae",1336,NULL
lamella,"laminae",1336,NULL
lamella,"lamina",1336,NULL
lancehead-shaped,"lanceolate",1341,NULL
lancehead-shaped,"lanceoloid",1341,NULL
lancehead-shaped,"lanciform",1341,NULL
lanose,"lanuginose",1342,NULL
lanose,"lanulose",1342,NULL
large,"larger",1343,NULL
large,"largest",1343,NULL
latex,"latexes",1348,NULL
latex,"latices",1348,NULL
leaflike,"leaf-like",1364,NULL
leaflike,"leafy",1364,NULL
leaflike,"leaved",1364,NULL
lemma,"lemmas",1371,NULL
lemma,"lemmata",1371,NULL
lens-shaped,"lenticular",1375,NULL
lentiginose,"lentiginous",1377,NULL
light,"lighter",1388,NULL
ligulate,"liguliferous",1390,NULL
ligulate,"liguliflorous",1390,NULL
lineate,"lineolate",1396,NULL
lineate,"lineolate",1397,NULL
lineate,"lineolate",1398,NULL
lobate,"lobed",1404,NULL
lobate,"lobing",1404,NULL
lobate,"lobulate",1404,NULL
locular,"loculed",1408,NULL
long,"longer",1413,NULL
long,"longest",1413,NULL
low,"lower",1419,NULL
lumen,"lumina",1420,NULL
lyrate,"lyre-shaped",1424,NULL
macrosporangia,"macrosporangium",1427,NULL
macrostrobili,"macrostrobilus",1431,NULL
macula,"maculae",1432,NULL
mamilla,"mamillae",1441,NULL
mamma,"mammae",1443,NULL
mammiform,"mammillate",1444,NULL
mammiform,"mammose",1444,NULL
massula,"massulae",1453,NULL
matlike,"matted",1454,NULL
mature,"maturing",1456,NULL
mature,"maturity",1456,NULL
medial,"median",1459,NULL
megasporangia,"megasporangium",1464,NULL
megastrobili,"megastrobilus",1468,NULL
menta,"mentum",1472,NULL
microsporangia,"microsporangium",1482,NULL
mid,"middle",1487,NULL
mitre-shaped,"mitriform",1495,NULL
monochasia,"monochasium",1503,NULL
monochasiate,"monochasiform",1504,NULL
monochasiate,"monochasium-like",1504,NULL
moundlike,"mound-shaped",1516,NULL
mucro,"mucrones",1520,NULL
muricate,"muriculate",1532,NULL
narrow,"narrower",1539,NULL
narrow,"narrowing",1539,NULL
needlelike,"needle-shaped",1550,NULL
nerved,"nerviform",1553,NULL
net-like,"netted",1554,NULL
new,"newer",1560,NULL
nodiform,"nodose",1568,NULL
nodiform,"nodulose",1568,NULL
nucelli,"nucellus",1582,NULL
obconic,"obconical",1592,NULL
obcordate,"obcordiform",1593,NULL
obdeltate,"obdeltoid",1595,NULL
oblanceolate,"oblanceloate",1598,NULL
oblanceolate,"oblanceoloid",1598,NULL
oblanceolate,"oblanciform",1598,NULL
obovate,"obovoid",1603,NULL
obscure,"obscured",1606,NULL
obtrullate,"obtrulliform",1610,NULL
obtrullate,"obtrulloid",1610,NULL
ocrea,"ochrea",1618,NULL
ocrea,"ocreae",1618,NULL
old,"older",1624,NULL
old,"oldest",1624,NULL
olivaceous,"olive",1626,NULL
opercula,"operculum",1636,NULL
orange,"orangish",1639,NULL
orbicular,"orbiculate",1640,NULL
outer,"outermost",1647,NULL
oval,"ovate",1648,NULL
oval,"ovoid",1648,NULL
palea,"paleae",1669,NULL
palea,"paleas",1669,NULL
pale,"paler",1666,NULL
pale,"palest",1666,NULL
pale,"pallid",1666,NULL
pandurate,"panduriform",1681,NULL
panicle-like,"paniculate",1683,NULL
panicle-like,"paniculiform",1683,NULL
panniform,"pannose",1684,NULL
papilla,"papillae",1688,NULL
papillar,"papillary",1689,NULL
papillar,"papilliform",1689,NULL
papillate,"papillose",1690,NULL
paraphyses,"paraphysis",1699,NULL
parted,"partite",1704,NULL
pedicellate,"pedicillate",1716,NULL
pendent,"pendulous",1726,NULL
perennate,"perennating",1730,NULL
perigynia,"perigynium",1743,NULL
petaled,"petal-like",1754,NULL
petaled,"petaloid",1754,NULL
petaled,"petalous",1754,NULL
petiolate,"petioled",1756,NULL
petiole,"petiolule",1757,NULL
phyllode,"phyllodia",1762,NULL
phyllode,"phyllodium",1762,NULL
phyllopodia,"phyllopodium",1763,NULL
pigment,"pigmentation",1764,NULL
pigment,"pigmented",1764,NULL
pilose,"pilosulose",1766,NULL
pilose,"pilosulous",1766,NULL
pink,"pinkish",1770,NULL
pinna,"pinnae",1772,NULL
pinnatifid,"pinnatisect",1775,NULL
pistillate,"pistilled",1778,NULL
pistillode,"pistillodia",1779,NULL
pistillode,"pistillodium",1779,NULL
pitcher_blade,"pitcher-blade",1782,NULL
placenta,"placentae",1789,NULL
placenta,"placentas",1789,NULL
placenta-shaped,"placentiform",1790,NULL
planate,"plane",1795,NULL
pliable,"pliant",1808,NULL
pliable,"pliant",1809,NULL
pollinaria,"pollinarium",1825,NULL
pollinia,"pollinium",1826,NULL
prophyll,"prophylla",1877,NULL
prophyll,"prophylls",1877,NULL
prophyll,"prophyllum",1877,NULL
prothalli,"prothallus",1884,NULL
proximal,"proximalmost",1887,NULL
pseudolamina,"pseudolaminae",1891,NULL
puberulent,"puberulous",1901,NULL
puberulent,"pubsecent",1901,NULL
pulvini,"pulvinus",1910,NULL
punctate,"puncticulate",1913,NULL
purple,"purplish",1918,NULL
pyxis,"pyxides",1927,NULL
raceme-like,"racemiform",1930,NULL
raceme-like,"racemose",1930,NULL
rachilla,"rachis",1931,NULL
radial,"radiant",1932,NULL
radial,"radiate",1932,NULL
radial,"radiating",1932,NULL
radiant,"radiate",1933,NULL
radicant,"radicate",1935,NULL
radicle,"radices",1936,NULL
radicle,"radix",1936,NULL
ramified,"ramiform",1940,NULL
ramified,"ramose",1940,NULL
ramified,"ramous",1940,NULL
raphides,"raphe",1945,NULL
raphides,"raphis",1945,NULL
recurved,"recurving",1957,NULL
red,"reddish",1958,NULL
rhachilla,"rhachis",1989,NULL
rhipidia,"rhipidium",1990,NULL
rhizomatous,"rhizomelike",1993,NULL
rhombate,"rhombic",1996,NULL
rhombate,"rhomboid",1996,NULL
ribbed,"riblike",2000,NULL
ribbed,"riblike",2001,NULL
ridged,"ridgelike",2005,NULL
rimmed,"ringed",2010,NULL
ripe,"ripening",2015,NULL
rooted,"rooting",2018,NULL
rostella,"rostellum",2028,NULL
rostra,"rostrum",2030,NULL
rose,"rosy",2023,NULL
rough,"roughened",2033,NULL
round,"rotund",2036,NULL
round,"rounded",2036,NULL
round,"roundish",2036,NULL
round,"rotate",2036,NULL
rudimental,"rudimentary",2039,NULL
rugose,"rugulate",2041,NULL
rugose,"rugulose",2041,NULL
rust,"rusty",2047,NULL
saccate,"sack-shaped",2049,NULL
scabrate,"scabrellate",2070,NULL
scabrate,"scabrellous",2070,NULL
scabrate,"scabrid",2070,NULL
scabrate,"scabridous",2070,NULL
scabrate,"scabridulous",2070,NULL
scabrate,"scabrous",2070,NULL
scalelike,"scale-like",2074,NULL
scalelike,"scaley",2075,NULL
scalelike,"scaly",2075,NULL
scaley,"scaly",2076,NULL
scant,"scanty",2081,NULL
scapelike,"scapiform",2084,NULL
scapelike,"scapose",2083,NULL
scapelike,"scapigerous",2083,NULL
scrotum-shaped,"scrotiform",2102,NULL
scutate,"scutiform",2106,NULL
scutellate,"scutelliform",2107,NULL
self-fertilizing,"selfing",2122,NULL
sellaeform,"selliform",2123,NULL
sepalous,"sepaled",2147,NULL
sepalous,"sepal-like",2147,NULL
sepalous,"sepaloid",2147,NULL
separate,"separated",2149,NULL
separate,"separating",2149,NULL
septum,"septa",2155,NULL
serrate,"serrulate",2161,NULL
seta,"setae",2163,NULL
setaceous,"setiform",2164,NULL
setose,"setulose",2165,NULL
shades,"shading",2168,NULL
sheathed,"sheathing",2175,NULL
shining,"shiny",2180,NULL
short,"shortened",2182,NULL
short,"shorter",2182,NULL
short,"shortest",2182,NULL
short,"shorter",2183,NULL
short,"shortest",2183,NULL
silver,"silvery",2197,NULL
sinus,"sinuses",2209,NULL
small,"smaller",2217,NULL
small,"smallest",2217,NULL
sori,"sorus",2237,NULL
spadix,"spadices",2240,NULL
sparse,"sparser",2241,NULL
spathaceous,"spathe-like",2243,NULL
spatula-shaped,"spatulate",2246,NULL
spheric,"spherical",2252,NULL
spheric,"spheroid",2252,NULL
spheric,"spheroidal",2252,NULL
spicate,"spiciform",2253,NULL
spikelike,"spike-like",2261,NULL
spiny,"spinulose",2265,NULL
spiny,"spinulose",2266,NULL
spiny,"spinescent",2265,NULL
spiny,"spinier",2265,NULL
spiny,"spinose",2265,NULL
spiny,"spinose",2266,NULL
spiny,"spinelike",2266,NULL
spiny,"spiniform",2266,NULL
spiral,"spiraled",2267,NULL
sporangium,"sporangia",2278,NULL
spread,"spreading",2290,NULL
squama,"squamae",2294,NULL
squamella,"squamellae",2296,NULL
squamate,"squamellose",2295,NULL
squamate,"squamose",2295,NULL
square,"squarish",2299,NULL
stamened,"staminate",2307,NULL
staminode,"staminodia",2309,NULL
staminode,"staminodium",2309,NULL
star,"star-shaped",2312,NULL
sterigma,"sterigmata",2321,NULL
stigma,"stigmas",2327,NULL
stigma,"stigmata",2327,NULL
stipelike,"stipiform",2334,NULL
stoma,"stomata",2341,NULL
stoma,"stomate",2341,NULL
stomia,"stomium",2345,NULL
stomate-bearing,"stomatiferous",2344,NULL
stout,"stouter",2348,NULL
straight,"straighter",2351,NULL
striate,"striped",2357,NULL
strigillose,"strigose",2362,NULL
strigillose,"strigulose",2362,NULL
strobili,"strobilus",2363,NULL
styled,"stylelike",2370,NULL
styled,"styliferous",2370,NULL
styled,"stylous",2370,NULL
stylopodia,"stylopodium",2372,NULL
subcapitate,"subcaptitate",2384,NULL
submerged,"submergent",2410,NULL
submerged,"submersed",2410,NULL
suborbicular,"suborbiculate",2415,NULL
subrotund,"subround",2425,NULL
subspheric,"subspherical",2437,NULL
subspheric,"subspheroid",2437,NULL
subspheric,"subspheroidal",2437,NULL
suffrutex,"suffrutices",2454,NULL
suffruticose,"suffruticulose",2455,NULL
sulci,"sulcus",2458,NULL
supramedial,"supramedian",2477,NULL
syconia,"syconium",2485,NULL
symmetric,"symmetrical",2487,NULL
symmetric,"symmetrical",2488,NULL
synangia,"synangium",2492,NULL
syncolpate,"syncolporate",2496,NULL
tall,"taller",2505,NULL
tapered,"tapering",2509,NULL
tartareous,"tartar-like",2513,NULL
tepaled,"tepalous",2519,NULL
terminal,"terrminal",2522,NULL
testa,"testae",2529,NULL
testes-shaped,"testicular",2530,NULL
thalli,"thallus",2538,NULL
theca,"thecae",2539,NULL
thick,"thickened",2541,NULL
thick,"thickening",2541,NULL
thick,"thicker",2541,NULL
thick,"thickest",2541,NULL
thick,"thickish",2541,NULL
thin,"thinner",2542,NULL
threadlike,"thread-like",2546,NULL
thyrselike,"thyrse-like",2551,NULL
thyrselike,"thyrsiform",2551,NULL
thyrselike,"thyrsoid",2551,NULL
tinge,"tinged",2557,NULL
tint,"tinted",2558,NULL
tomentose,"tomentulose",2560,NULL
tomentose,"tomentulous",2560,NULL
topped,"top-shaped",2565,NULL
tori,"torus",2566,NULL
trabecula,"trabeculae",2573,NULL
tree,"treelike",2583,NULL
triangle,"triangular",2587,NULL
triangle,"triangulate",2587,NULL
trullate,"trulliform",2604,NULL
trullate,"trulloid",2604,NULL
truncate,"truncated",2606,NULL
tubercular,"tuberculose",2612,NULL
tubercular,"tuberlike",2612,NULL
tuberculate,"tuberculose",2613,NULL
tuberlike,"tuberous",2614,NULL
tubiform,"tubular",2616,NULL
twisted,"twisting",2631,NULL
umbellate,"umbelliform",2639,NULL
umbellate,"umbel-like",2639,NULL
umbo,"umbos",2642,NULL
umbilicate,"umbonate",2640,NULL
umbilicate,"umbraculiform",2640,NULL
umbilicate,"umbrella-shaped",2640,NULL
unciform,"uncinate",2648,NULL
ungues,"unguis",2660,NULL
upper,"uppermost",2685,NULL
vallecula,"valleculae",2696,NULL
various,"varying",2704,NULL
veined,"veiny",2711,NULL
vela,"velum",2713,NULL
velamen,"velamina",2714,NULL
velvety,"velutinous",2715,NULL
verrucose,"verrucate",2724,NULL
vestiture,"vesture",2736,NULL
vexilla,"vexillum",2737,NULL
villose,"villosulous",2746,NULL
villose,"villous",2746,NULL
vinelike,"viny",2748,NULL
viscidia,"viscidium",2754,NULL
wandlike,"wand-like",2764,NULL
waxen,"waxy",2776,NULL
weak,"weaker",2777,NULL
wedged,"wedge-shaped",2779,NULL
white,"whitened",2784,NULL
white,"whitening",2784,NULL
white,"whitish",2784,NULL
wide,"widened",2787,NULL
wide,"wider",2787,NULL
wide,"widest",2787,NULL
winged,"winglike",2792,NULL
woodlike,"woody",2802,NULL
woody_clump,"woody_clumps",2804,NULL
wrinkled,"wrinkling",2810,NULL
yellow,"yellowish",2815,NULL
young,"younger",2817,NULL
young,"youngest",2817,NULL
zygomorphic,"zygmorphic",2820,NULL
